timestamp,ip,name,email,subject,message
2025-10-27T15:50:18+01:00,::1,id,mml@gmail.com,f,fdafd
2025-10-27T15:51:16+01:00,::1,id,mml@gmail.com,f,fdafd
2025-10-27T15:51:19+01:00,::1,id,mml@gmail.com,f,fdafd
2025-10-27T15:51:22+01:00,::1,id,mml@gmail.com,f,fdafd
2025-11-12T15:04:33+01:00,::1,"hello world",maulacap4416@gmail.com,3,3
2025-11-12T15:04:35+01:00,::1,"hello world",maulacap4416@gmail.com,3,3
2025-11-12T15:04:36+01:00,::1,"hello world",maulacap4416@gmail.com,3,3
2025-11-12T15:04:47+01:00,::1,"hello world",maulacap4416@gmail.com,3,3
2025-11-12T15:05:43+01:00,::1,"hello world",mmlacap@tip.edu.ph,3,3
2025-11-12T15:05:49+01:00,::1,W,mmlacap@tip.edu.ph,3,3
2025-11-12T15:05:55+01:00,::1,W_speed,mmlacap@tip.edu.ph,3,3
2025-11-12T15:18:15+01:00,::1,W_speed,mmlacap@tip.edu.ph,3,3
2025-11-12T15:18:22+01:00,::1,W_speed,mmlacap@tip.edu.ph,3,3
2025-11-12T16:04:29+01:00,::1,W_speed,mmlacap@tip.edu.ph,3,3
2025-11-12T16:31:26+01:00,::1,W_speed,tite@gmail.com,3,"6 7"
2025-11-12T16:31:44+01:00,::1,W_speed,mapaoliveros@tip.edu.ph,3,"6 7"
2025-11-12T16:32:37+01:00,::1,W_speed,mapaoliveros@tip.edu.ph,3,"6 7"
2025-11-12T16:32:58+01:00,::1,W_speed,maulacap4416@gmail.com,3,"6 7"
2025-11-12T16:33:30+01:00,::1,W_speed,maulacap4416@gmail.com,3,"6 7"
2025-11-12T16:35:25+01:00,::1,W_speed,tite@gmail.com,3,"hello i want some increase"
